{
  "Ansi 7 Color (Light)" : {
    "Green Component" : 0.52941176470588236,
    "Red Component" : 0.48627450980392156,
    "Blue Component" : 0.6588235294117647
  },
  "Ansi 15 Color (Light)" : {
    "Green Component" : 0.81176470588235294,
    "Red Component" : 0.77254901960784317,
    "Blue Component" : 0.96078431372549022
  },
  "Ansi 2 Color (Light)" : {
    "Green Component" : 0.85098039215686272,
    "Red Component" : 0.63137254901960782,
    "Blue Component" : 0.90196078431372551
  },
  "Bold Color" : {
    "Red Component" : 0.78823530673980713,
    "Color Space" : "sRGB",
    "Blue Component" : 0.85098040103912354,
    "Alpha Component" : 1,
    "Green Component" : 0.81960785388946533
  },
  "Ansi 1 Color (Dark)" : {
    "Green Component" : 0.52941176470588236,
    "Red Component" : 0.85490196078431369,
    "Blue Component" : 0.58823529411764708
  },
  "Use Bright Bold" : true,
  "Ansi 9 Color (Light)" : {
    "Green Component" : 0.52941176470588236,
    "Red Component" : 0.85490196078431369,
    "Blue Component" : 0.58823529411764708
  },
  "Ansi 8 Color (Dark)" : {
    "Green Component" : 0.30588235294117649,
    "Red Component" : 0.29803921568627451,
    "Blue Component" : 0.41176470588235292
  },
  "Background Color" : {
    "Red Component" : 0.023848101496696465,
    "Color Space" : "sRGB",
    "Blue Component" : 0.0327911376953125,
    "Alpha Component" : 1,
    "Green Component" : 0.026829112321138392
  },
  "Columns" : 150,
  "Ansi 8 Color" : {
    "Red Component" : 0.30000001192092896,
    "Color Space" : "sRGB",
    "Blue Component" : 0.30000001192092896,
    "Alpha Component" : 1,
    "Green Component" : 0.30000001192092896
  },
  "Right Option Key Sends" : 2,
  "Ansi 4 Color (Light)" : {
    "Green Component" : 0.66274509803921566,
    "Red Component" : 0.55294117647058827,
    "Blue Component" : 0.8901960784313725
  },
  "Blinking Cursor" : false,
  "Selected Text Color (Light)" : {
    "Green Component" : 0.83921568627450982,
    "Red Component" : 0.81176470588235294,
    "Blue Component" : 0.96078431372549022
  },
  "Selected Text Color (Dark)" : {
    "Green Component" : 0.83921568627450982,
    "Red Component" : 0.81176470588235294,
    "Blue Component" : 0.96078431372549022
  },
  "Ansi 3 Color (Dark)" : {
    "Green Component" : 0.79607843137254897,
    "Red Component" : 0.90196078431372551,
    "Blue Component" : 0.6470588235294118
  },
  "Keyboard Map" : {
    "0x6c-0x140000-0x25" : {
      "Version" : 2,
      "Apply Mode" : 0,
      "Action" : 19,
      "Text" : "",
      "Escaping" : 2
    },
    "0x6a-0x140000-0x26" : {
      "Version" : 2,
      "Apply Mode" : 0,
      "Action" : 21,
      "Text" : "",
      "Escaping" : 2
    },
    "0x68-0x140000-0x4" : {
      "Version" : 2,
      "Apply Mode" : 0,
      "Action" : 18,
      "Text" : "",
      "Escaping" : 2
    },
    "0x2d-0x140000-0x1b" : {
      "Version" : 2,
      "Apply Mode" : 0,
      "Action" : 28,
      "Text" : "40B42325-50DD-4C68-9D06-7B40558A0572",
      "Escaping" : 2
    },
    "0x5f-0x160000-0x1b" : {
      "Version" : 2,
      "Apply Mode" : 0,
      "Action" : 28,
      "Text" : "40B42325-50DD-4C68-9D06-7B40558A0572",
      "Escaping" : 2
    },
    "0x5c-0x140000-0x2a" : {
      "Version" : 2,
      "Apply Mode" : 0,
      "Action" : 29,
      "Text" : "40B42325-50DD-4C68-9D06-7B40558A0572",
      "Escaping" : 2
    },
    "0x6b-0x140000-0x28" : {
      "Version" : 2,
      "Apply Mode" : 0,
      "Action" : 20,
      "Text" : "",
      "Escaping" : 2
    },
    "0x7c-0x160000-0x2a" : {
      "Version" : 2,
      "Apply Mode" : 0,
      "Action" : 29,
      "Text" : "40B42325-50DD-4C68-9D06-7B40558A0572",
      "Escaping" : 2
    }
  },
  "Visual Bell" : true,
  "Only The Default BG Color Uses Transparency" : true,
  "Cursor Text Color" : {
    "Red Component" : 0.062745101749896975,
    "Color Space" : "sRGB",
    "Blue Component" : 0.086274512112140656,
    "Alpha Component" : 1,
    "Green Component" : 0.070588238537311554
  },
  "Scrollback Lines" : 1000,
  "Selection Color (Light)" : {
    "Green Component" : 0.30588235294117649,
    "Red Component" : 0.29803921568627451,
    "Blue Component" : 0.41176470588235292
  },
  "Ansi 0 Color" : {
    "Red Component" : 0,
    "Color Space" : "sRGB",
    "Blue Component" : 0,
    "Alpha Component" : 1,
    "Green Component" : 0
  },
  "Match Background Color (Dark)" : {
    "Red Component" : 0.99697142839431763,
    "Color Space" : "P3",
    "Blue Component" : 0.32116127014160156,
    "Alpha Component" : 1,
    "Green Component" : 0.98600882291793823
  },
  "Ansi 11 Color (Light)" : {
    "Green Component" : 0.6705882352941176,
    "Red Component" : 0.9137254901960784,
    "Blue Component" : 0.5725490196078431
  },
  "Ansi 5 Color (Dark)" : {
    "Green Component" : 0.6470588235294118,
    "Red Component" : 0.95686274509803926,
    "Blue Component" : 0.86274509803921573
  },
  "Cursor Text Color (Light)" : {
    "Green Component" : 0.082352941176470587,
    "Red Component" : 0.082352941176470587,
    "Blue Component" : 0.12156862745098039
  },
  "Silence Bell" : false,
  "Rows" : 42,
  "Draw Powerline Glyphs" : true,
  "Guid" : "40B42325-50DD-4C68-9D06-7B40558A0572",
  "Ansi 14 Color (Dark)" : {
    "Green Component" : 0.72941176470588232,
    "Red Component" : 0.45098039215686275,
    "Blue Component" : 0.87058823529411766
  },
  "Ansi 15 Color (Dark)" : {
    "Green Component" : 0.81176470588235294,
    "Red Component" : 0.77254901960784317,
    "Blue Component" : 0.96078431372549022
  },
  "Ansi 0 Color (Dark)" : {
    "Green Component" : 0.16862745098039217,
    "Red Component" : 0.16470588235294117,
    "Blue Component" : 0.24705882352941178
  },
  "Ambiguous Double Width" : false,
  "Option Key Sends" : 2,
  "Ansi 3 Color" : {
    "Red Component" : 0.89019608497619629,
    "Color Space" : "sRGB",
    "Blue Component" : 0.25490197539329529,
    "Alpha Component" : 1,
    "Green Component" : 0.70196080207824707
  },
  "Window Type" : 0,
  "BM Growl" : true,
  "Underline Color" : {
    "Red Component" : 0.34735164046287537,
    "Color Space" : "sRGB",
    "Blue Component" : 0.3515625,
    "Alpha Component" : 1,
    "Green Component" : 0.090728402137756375
  },
  "Prompt Before Closing 2" : false,
  "Command" : "",
  "Use Bright Bold (Light)" : true,
  "Selected Text Color" : {
    "Red Component" : 1,
    "Color Space" : "sRGB",
    "Blue Component" : 1,
    "Alpha Component" : 1,
    "Green Component" : 1
  },
  "Ansi 14 Color (Light)" : {
    "Green Component" : 0.72941176470588232,
    "Red Component" : 0.45098039215686275,
    "Blue Component" : 0.87058823529411766
  },
  "Cursor Guide Color (Dark)" : {
    "Red Component" : 0.74862593412399292,
    "Color Space" : "P3",
    "Blue Component" : 0.99125725030899048,
    "Alpha Component" : 0.25,
    "Green Component" : 0.92047786712646484
  },
  "ASCII Ligatures" : false,
  "Send Code When Idle" : false,
  "Ansi 6 Color" : {
    "Red Component" : 0.16862745583057404,
    "Color Space" : "sRGB",
    "Blue Component" : 0.5372549295425415,
    "Alpha Component" : 1,
    "Green Component" : 0.45490196347236633
  },
  "Jobs to Ignore" : [
    "rlogin",
    "ssh",
    "slogin",
    "telnet"
  ],
  "Badge Color (Dark)" : {
    "Red Component" : 0.92929404973983765,
    "Color Space" : "P3",
    "Blue Component" : 0.13960540294647217,
    "Alpha Component" : 0.5,
    "Green Component" : 0.25479039549827576
  },
  "Cursor Color" : {
    "Red Component" : 0.78823530673980713,
    "Color Space" : "sRGB",
    "Blue Component" : 0.85098040103912354,
    "Alpha Component" : 1,
    "Green Component" : 0.81960785388946533
  },
  "Vertical Spacing" : 1,
  "Bound Hosts" : [

  ],
  "Disable Window Resizing" : true,
  "Close Sessions On End" : true,
  "Selection Color (Dark)" : {
    "Green Component" : 0.30588235294117649,
    "Red Component" : 0.29803921568627451,
    "Blue Component" : 0.41176470588235292
  },
  "Default Bookmark" : "No",